,Full Name,Rank,State,State_Name,Gender,Party,Term Date,Approve,Disapprove,No Opinion,ideology,rank_from_low,Link,Website,url_temp,url_temp_final
0,Lamar Alexander,senior,TN,Tennessee,Male,Republican,2015-01-06 to 2021-01-03,0.43,0.3,0.27,0.6924682832119119,55.0,https://www.govtrack.us/congress/members/lamar_alexander/300002,https://www.alexander.senate.gov/public,https://en.wikipedia.org/wiki/File:Lamar_Alexander_official_photo_(cropped).jpg,https://upload.wikimedia.org/wikipedia/commons/thumb/e/e2/Lamar_Alexander_official_photo_%28cropped%29.jpg/409px-Lamar_Alexander_official_photo_%28cropped%29.jpg
1,Susan Collins,senior,ME,Maine,Female,Republican,2015-01-06 to 2021-01-03,0.53,0.38,0.09,0.5556297694204375,47.0,https://www.govtrack.us/congress/members/susan_collins/300025,https://www.collins.senate.gov,https://en.wikipedia.org/wiki/File:Susan_Collins_official_Senate_photo_(cropped).jpg,https://upload.wikimedia.org/wikipedia/commons/a/aa/Susan_Collins_official_Senate_photo_%28cropped%29.jpg
2,John Cornyn,senior,TX,Texas,Male,Republican,2015-01-06 to 2021-01-03,0.43,0.25,0.32,0.9040279989965632,93.0,https://www.govtrack.us/congress/members/john_cornyn/300027,https://www.cornyn.senate.gov,https://en.wikipedia.org/wiki/File:John_Cornyn_(cropped).jpg,https://upload.wikimedia.org/wikipedia/commons/e/e4/John_Cornyn_%28cropped%29.jpg
3,Richard Durbin,senior,IL,Illinois,Male,Democrat,2015-01-06 to 2021-01-03,0.36,0.39,0.26,0.153866430126689,10.0,https://www.govtrack.us/congress/members/richard_durbin/300038,https://www.durbin.senate.gov,https://en.wikipedia.org/wiki/File:Richard_Durbin_official_photo_(cropped).jpg,https://upload.wikimedia.org/wikipedia/commons/thumb/2/29/Richard_Durbin_official_photo_%28cropped%29.jpg/549px-Richard_Durbin_official_photo_%28cropped%29.jpg
4,Michael Enzi,senior,WY,Wyoming,Male,Republican,2015-01-06 to 2021-01-03,0.56,0.27,0.18,0.8297323207712908,77.0,https://www.govtrack.us/congress/members/michael_enzi/300041,https://www.enzi.senate.gov,https://en.wikipedia.org/wiki/File:MIke_Enzi_official_portrait_115th_Congress_(cropped).jpg,https://upload.wikimedia.org/wikipedia/commons/thumb/0/04/MIke_Enzi_official_portrait_115th_Congress_%28cropped%29.jpg/498px-MIke_Enzi_official_portrait_115th_Congress_%28cropped%29.jpg
5,Lindsey Graham,senior,SC,South Carolina,Male,Republican,2015-01-06 to 2021-01-03,0.51,0.32,0.18,0.7013602557996437,56.0,https://www.govtrack.us/congress/members/lindsey_graham/300047,https://www.lgraham.senate.gov/public,"https://en.wikipedia.org/wiki/File:Lindsey_Graham,_official_photo,_113th_Congress_(cropped).jpg",https://upload.wikimedia.org/wikipedia/commons/f/f1/Lindsey_Graham%2C_official_photo%2C_113th_Congress_%28cropped%29.jpg
6,James Inhofe,senior,OK,Oklahoma,Male,Republican,2015-01-06 to 2021-01-03,0.38,0.35,0.27,0.9103937203269232,96.0,https://www.govtrack.us/congress/members/james_inhofe/300055,https://www.inhofe.senate.gov,https://en.wikipedia.org/wiki/File:Jim_Inhofe_official_portrait_(cropped).jpg,https://upload.wikimedia.org/wikipedia/commons/thumb/4/48/Jim_Inhofe_official_portrait_%28cropped%29.jpg/441px-Jim_Inhofe_official_portrait_%28cropped%29.jpg
7,Mitch McConnell,senior,KY,Kentucky,Male,Republican,2015-01-06 to 2021-01-03,0.38,0.47,0.15,0.6443790697741278,52.0,https://www.govtrack.us/congress/members/mitch_mcconnell/300072,https://www.mcconnell.senate.gov,https://en.wikipedia.org/wiki/File:Sen_Mitch_McConnell_official_(cropped).jpg,https://upload.wikimedia.org/wikipedia/commons/thumb/a/a8/Sen_Mitch_McConnell_official_%28cropped%29.jpg/505px-Sen_Mitch_McConnell_official_%28cropped%29.jpg
8,John Reed,senior,RI,Rhode Island,Male,Democrat,2015-01-06 to 2021-01-03,0.54,0.23,0.23,0.15926417401250714,12.0,https://www.govtrack.us/congress/members/john_reed/300081,https://www.reed.senate.gov,https://en.wikipedia.org/wiki/File:Senator_Jack_Reed_official_photo_(cropped).jpg,https://upload.wikimedia.org/wikipedia/commons/1/14/Senator_Jack_Reed_official_photo_%28cropped%29.jpg
9,Pat Roberts,senior,KS,Kansas,Male,Republican,2015-01-06 to 2021-01-03,0.36,0.37,0.28,0.8540789779102235,85.0,https://www.govtrack.us/congress/members/pat_roberts/300083,https://www.roberts.senate.gov,https://en.wikipedia.org/wiki/File:Pat_Roberts_official_Senate_photo_(cropped).jpg,https://upload.wikimedia.org/wikipedia/commons/d/d7/Pat_Roberts_official_Senate_photo_%28cropped%29.jpg
10,Shelley Capito,junior,WV,West Virginia,Female,Republican,2015-01-06 to 2021-01-03,0.44,0.33,0.24,0.7371144793867281,64.0,https://www.govtrack.us/congress/members/shelley_capito/400061,https://www.capito.senate.gov,https://en.wikipedia.org/wiki/File:Shelley_Moore_Capito_official_Senate_photo_(cropped_2).jpg,https://upload.wikimedia.org/wikipedia/commons/thumb/3/37/Shelley_Moore_Capito_official_Senate_photo_%28cropped_2%29.jpg/445px-Shelley_Moore_Capito_official_Senate_photo_%28cropped_2%29.jpg
11,Edward Markey,junior,MA,Massachusetts,Male,Democrat,2015-01-06 to 2021-01-03,0.51,0.22,0.27,0.1034894258265648,7.0,https://www.govtrack.us/congress/members/edward_markey/400253,https://www.markey.senate.gov,"https://en.wikipedia.org/wiki/File:Edward_Markey,_official_portrait,_114th_Congress_(cropped).jpg",https://upload.wikimedia.org/wikipedia/commons/thumb/5/58/Edward_Markey%2C_official_portrait%2C_114th_Congress_%28cropped%29.jpg/425px-Edward_Markey%2C_official_portrait%2C_114th_Congress_%28cropped%29.jpg
12,Tom Udall,senior,NM,New Mexico,Male,Democrat,2015-01-06 to 2021-01-03,0.42,0.3,0.28,0.28095263032292417,31.0,https://www.govtrack.us/congress/members/tom_udall/400413,https://www.tomudall.senate.gov,https://en.wikipedia.org/wiki/File:Tom_Udall_official_photo_(cropped).jpg,https://upload.wikimedia.org/wikipedia/commons/thumb/6/6a/Tom_Udall_official_photo_%28cropped%29.jpg/456px-Tom_Udall_official_photo_%28cropped%29.jpg
13,Bill Cassidy,senior,LA,Louisiana,Male,Republican,2015-01-06 to 2021-01-03,0.46,0.26,0.28,0.7629071891846032,70.0,https://www.govtrack.us/congress/members/bill_cassidy/412269,https://www.cassidy.senate.gov,https://en.wikipedia.org/wiki/File:Bill_Cassidy_official_Senate_photo_(cropped).jpg,https://upload.wikimedia.org/wikipedia/commons/f/f6/Bill_Cassidy_official_Senate_photo_%28cropped%29.jpg
14,Gary Peters,junior,MI,Michigan,Male,Democrat,2015-01-06 to 2021-01-03,0.33,0.27,0.4,0.4244381306315809,41.0,https://www.govtrack.us/congress/members/gary_peters/412305,https://www.peters.senate.gov,https://en.wikipedia.org/wiki/File:Gary_Peters_official_photo_115th_congress_(cropped).jpg,https://upload.wikimedia.org/wikipedia/commons/thumb/9/98/Gary_Peters_official_photo_115th_congress_%28cropped%29.jpg/607px-Gary_Peters_official_photo_115th_congress_%28cropped%29.jpg
15,Mark Warner,senior,VA,Virginia,Male,Democrat,2015-01-06 to 2021-01-03,0.49,0.27,0.24,0.4008745097866435,39.0,https://www.govtrack.us/congress/members/mark_warner/412321,https://www.warner.senate.gov,https://en.wikipedia.org/wiki/File:Mark_Warner_113th_Congress_photo_(cropped).jpg,https://upload.wikimedia.org/wikipedia/commons/thumb/5/5e/Mark_Warner_113th_Congress_photo_%28cropped%29.jpg/428px-Mark_Warner_113th_Congress_photo_%28cropped%29.jpg
16,James Risch,junior,ID,Idaho,Male,Republican,2015-01-06 to 2021-01-03,0.43,0.29,0.28,0.8870543057352175,92.0,https://www.govtrack.us/congress/members/james_risch/412322,https://www.risch.senate.gov,https://en.wikipedia.org/wiki/File:Jim_Risch_official_portrait_(cropped).jpg,https://upload.wikimedia.org/wikipedia/commons/e/e5/Jim_Risch_official_portrait_%28cropped%29.jpg
17,Jeanne Shaheen,senior,NH,New Hampshire,Female,Democrat,2015-01-06 to 2021-01-03,0.51,0.32,0.17,0.3441392280450988,38.0,https://www.govtrack.us/congress/members/jeanne_shaheen/412323,https://www.shaheen.senate.gov,"https://en.wikipedia.org/wiki/File:Jeanne_Shaheen,_official_Senate_photo_portrait,_2009_(cropped).jpg",https://upload.wikimedia.org/wikipedia/commons/thumb/2/21/Jeanne_Shaheen%2C_official_Senate_photo_portrait%2C_2009_%28cropped%29.jpg/539px-Jeanne_Shaheen%2C_official_Senate_photo_portrait%2C_2009_%28cropped%29.jpg
18,Jeff Merkley,junior,OR,Oregon,Male,Democrat,2015-01-06 to 2021-01-03,0.47,0.25,0.28,0.07330843825611802,4.0,https://www.govtrack.us/congress/members/jeff_merkley/412325,https://www.merkley.senate.gov,"https://en.wikipedia.org/wiki/File:Jeff_Merkley,_115th_official_photo_(cropped).jpg",https://upload.wikimedia.org/wikipedia/commons/thumb/e/ee/Jeff_Merkley%2C_115th_official_photo_%28cropped%29.jpg/565px-Jeff_Merkley%2C_115th_official_photo_%28cropped%29.jpg
19,Chris Coons,junior,DE,Delaware,Male,Democrat,2015-01-06 to 2021-01-03,0.49,0.29,0.22,0.4426664154380726,42.0,https://www.govtrack.us/congress/members/chris_coons/412390,https://www.coons.senate.gov,"https://en.wikipedia.org/wiki/File:Chris_Coons,_official_portrait,_112th_Congress_(cropped).jpg",https://upload.wikimedia.org/wikipedia/commons/thumb/9/99/Chris_Coons%2C_official_portrait%2C_112th_Congress_%28cropped%29.jpg/437px-Chris_Coons%2C_official_portrait%2C_112th_Congress_%28cropped%29.jpg
20,Cory Gardner,junior,CO,Colorado,Male,Republican,2015-01-06 to 2021-01-03,0.37,0.35,0.28,0.7287136979602237,63.0,https://www.govtrack.us/congress/members/cory_gardner/412406,https://www.gardner.senate.gov,https://en.wikipedia.org/wiki/File:Cory_Gardner_official_Senate_portrait_(cropped).jpeg,https://upload.wikimedia.org/wikipedia/commons/thumb/3/3b/Cory_Gardner_official_Senate_portrait_%28cropped%29.jpeg/460px-Cory_Gardner_official_Senate_portrait_%28cropped%29.jpeg
21,Tom Cotton,junior,AR,Arkansas,Male,Republican,2015-01-06 to 2021-01-03,0.47,0.31,0.22,0.9049266135310804,94.0,https://www.govtrack.us/congress/members/tom_cotton/412508,https://www.cotton.senate.gov,https://en.wikipedia.org/wiki/File:Tom_Cotton_official_Senate_photo_(cropped).jpg,https://upload.wikimedia.org/wikipedia/commons/6/66/Tom_Cotton_official_Senate_photo_%28cropped%29.jpg
22,Steve Daines,junior,MT,Montana,Male,Republican,2015-01-06 to 2021-01-03,0.49,0.3,0.21,0.8363947912940349,79.0,https://www.govtrack.us/congress/members/steve_daines/412549,https://www.daines.senate.gov,https://en.wikipedia.org/wiki/File:Steve_Daines_official_Senate_portrait_(cropped).jpg,https://upload.wikimedia.org/wikipedia/commons/thumb/e/e5/Steve_Daines_official_Senate_portrait_%28cropped%29.jpg/419px-Steve_Daines_official_Senate_portrait_%28cropped%29.jpg
23,Cory Booker,junior,NJ,New Jersey,Male,Democrat,2015-01-06 to 2021-01-03,0.47,0.33,0.21,0.0745238537200178,5.0,https://www.govtrack.us/congress/members/cory_booker/412598,https://www.booker.senate.gov,"https://en.wikipedia.org/wiki/File:Cory_Booker,_official_portrait,_114th_Congress.jpg",https://upload.wikimedia.org/wikipedia/commons/thumb/5/59/Cory_Booker%2C_official_portrait%2C_114th_Congress.jpg/482px-Cory_Booker%2C_official_portrait%2C_114th_Congress.jpg
24,Dan Sullivan,junior,AK,Alaska,Male,Republican,2015-01-06 to 2021-01-03,0.4,0.33,0.27,0.7102803044283358,59.0,https://www.govtrack.us/congress/members/dan_sullivan/412665,https://www.sullivan.senate.gov,https://en.wikipedia.org/wiki/File:Senator_Dan_Sullivan_official_(cropped).jpg,https://upload.wikimedia.org/wikipedia/commons/thumb/0/0e/Senator_Dan_Sullivan_official_%28cropped%29.jpg/553px-Senator_Dan_Sullivan_official_%28cropped%29.jpg
25,David Perdue,senior,GA,Georgia,Male,Republican,2015-01-06 to 2021-01-03,0.46,0.28,0.26,0.8679209368950046,87.0,https://www.govtrack.us/congress/members/david_perdue/412666,https://www.perdue.senate.gov,"https://en.wikipedia.org/wiki/File:David_Perdue,_Official_Portrait,_114th_Congress_(cropped).jpg",https://upload.wikimedia.org/wikipedia/commons/thumb/a/a2/David_Perdue%2C_Official_Portrait%2C_114th_Congress_%28cropped%29.jpg/548px-David_Perdue%2C_Official_Portrait%2C_114th_Congress_%28cropped%29.jpg
26,Joni Ernst,junior,IA,Iowa,Female,Republican,2015-01-06 to 2021-01-03,0.4,0.37,0.23,0.9621085394160072,99.0,https://www.govtrack.us/congress/members/joni_ernst/412667,https://www.ernst.senate.gov/public,"https://en.wikipedia.org/wiki/File:Joni_Ernst,_official_portrait,_116th_Congress_3.jpg",https://upload.wikimedia.org/wikipedia/commons/thumb/7/74/Joni_Ernst%2C_official_portrait%2C_116th_Congress_3.jpg/474px-Joni_Ernst%2C_official_portrait%2C_116th_Congress_3.jpg
27,Thom Tillis,junior,NC,North Carolina,Male,Republican,2015-01-06 to 2021-01-03,0.36,0.32,0.32,0.8645191690081264,86.0,https://www.govtrack.us/congress/members/thom_tillis/412668,https://www.tillis.senate.gov,https://en.wikipedia.org/wiki/File:Thom_Tillis_Official_Photo_(cropped).jpg,https://upload.wikimedia.org/wikipedia/commons/thumb/9/94/Thom_Tillis_Official_Photo_%28cropped%29.jpg/474px-Thom_Tillis_Official_Photo_%28cropped%29.jpg
28,Mike Rounds,junior,SD,South Dakota,Male,Republican,2015-01-06 to 2021-01-03,0.56,0.29,0.15,0.8809049568154679,90.0,https://www.govtrack.us/congress/members/mike_rounds/412669,https://www.rounds.senate.gov,https://en.wikipedia.org/wiki/File:Mike_Rounds_official_Senate_portrait_(cropped).jpg,https://upload.wikimedia.org/wikipedia/commons/4/41/Mike_Rounds_official_Senate_portrait_%28cropped%29.jpg
29,Benjamin Sasse,junior,NE,Nebraska,Male,Republican,2015-01-06 to 2021-01-03,0.46,0.3,0.24,0.7400807063715135,65.0,https://www.govtrack.us/congress/members/benjamin_sasse/412671,https://www.sasse.senate.gov/public,https://en.wikipedia.org/wiki/File:Ben_Sasse_Official_photo_(cropped).jpg,https://upload.wikimedia.org/wikipedia/commons/thumb/d/d3/Ben_Sasse_Official_photo_%28cropped%29.jpg/436px-Ben_Sasse_Official_photo_%28cropped%29.jpg
30,Michael Crapo,senior,ID,Idaho,Male,Republican,2017-01-03 to 2023-01-03,0.46,0.31,0.24,0.8380558675461371,80.0,https://www.govtrack.us/congress/members/michael_crapo/300030,https://www.crapo.senate.gov,https://en.wikipedia.org/wiki/File:Mike_Crapo_Official_Photo_110th_Congress_(cropped).jpg,https://upload.wikimedia.org/wikipedia/commons/thumb/3/3d/Mike_Crapo_Official_Photo_110th_Congress_%28cropped%29.jpg/561px-Mike_Crapo_Official_Photo_110th_Congress_%28cropped%29.jpg
31,Charles Grassley,senior,IA,Iowa,Male,Republican,2017-01-03 to 2023-01-03,0.42,0.4,0.18,0.7061604648874235,58.0,https://www.govtrack.us/congress/members/charles_grassley/300048,https://www.grassley.senate.gov,https://en.wikipedia.org/wiki/File:Chuck_Grassley_official_photo_2017_(cropped).jpg,https://upload.wikimedia.org/wikipedia/commons/thumb/1/1c/Chuck_Grassley_official_photo_2017_%28cropped%29.jpg/480px-Chuck_Grassley_official_photo_2017_%28cropped%29.jpg
32,Patrick Leahy,senior,VT,Vermont,Male,Democrat,2017-01-03 to 2023-01-03,0.62,0.23,0.15,0.20566718883500096,18.0,https://www.govtrack.us/congress/members/patrick_leahy/300065,https://www.leahy.senate.gov,https://en.wikipedia.org/wiki/File:Patrick_Leahy_official_photo_(cropped).jpg,https://upload.wikimedia.org/wikipedia/commons/4/46/Patrick_Leahy_official_photo_%28cropped%29.jpg
33,Lisa Murkowski,senior,AK,Alaska,Female,Republican,2017-01-03 to 2023-01-03,0.39,0.42,0.19,0.5007810432250042,45.0,https://www.govtrack.us/congress/members/lisa_murkowski/300075,https://www.murkowski.senate.gov,https://en.wikipedia.org/wiki/File:Lisa_Murkowski_official_photo_(cropped).jpg,https://upload.wikimedia.org/wikipedia/commons/thumb/4/4b/Lisa_Murkowski_official_photo_%28cropped%29.jpg/444px-Lisa_Murkowski_official_photo_%28cropped%29.jpg
34,Patty Murray,senior,WA,Washington,Female,Democrat,2017-01-03 to 2023-01-03,0.45,0.31,0.24,0.21410009157634585,20.0,https://www.govtrack.us/congress/members/patty_murray/300076,https://www.murray.senate.gov/public,"https://en.wikipedia.org/wiki/File:Patty_Murray,_official_portrait,_113th_Congress_(cropped).jpg",https://upload.wikimedia.org/wikipedia/commons/thumb/9/9d/Patty_Murray%2C_official_portrait%2C_113th_Congress_%28cropped%29.jpg/455px-Patty_Murray%2C_official_portrait%2C_113th_Congress_%28cropped%29.jpg
35,Charles Schumer,senior,NY,New York,Male,Democrat,2017-01-03 to 2023-01-03,0.47,0.34,0.19,0.2848180911350111,32.0,https://www.govtrack.us/congress/members/charles_schumer/300087,https://www.schumer.senate.gov,https://en.wikipedia.org/wiki/File:Chuck_Schumer_official_photo_(cropped).jpg,https://upload.wikimedia.org/wikipedia/commons/thumb/3/3b/Chuck_Schumer_official_photo_%28cropped%29.jpg/409px-Chuck_Schumer_official_photo_%28cropped%29.jpg
36,Richard Shelby,senior,AL,Alabama,Male,Republican,2017-01-03 to 2023-01-03,0.47,0.27,0.26,0.5552092035880505,46.0,https://www.govtrack.us/congress/members/richard_shelby/300089,https://www.shelby.senate.gov,"https://en.wikipedia.org/wiki/File:Richard_Shelby,_official_portrait,_112th_Congress_(cropped).jpg",https://upload.wikimedia.org/wikipedia/commons/thumb/c/c5/Richard_Shelby%2C_official_portrait%2C_112th_Congress_%28cropped%29.jpg/431px-Richard_Shelby%2C_official_portrait%2C_112th_Congress_%28cropped%29.jpg
37,Ron Wyden,senior,OR,Oregon,Male,Democrat,2017-01-03 to 2023-01-03,0.5,0.24,0.26,0.17386429005938328,15.0,https://www.govtrack.us/congress/members/ron_wyden/300100,https://www.wyden.senate.gov,https://en.wikipedia.org/wiki/File:Ron_Wyden_official_photo_(cropped).jpg,https://upload.wikimedia.org/wikipedia/commons/thumb/c/c6/Ron_Wyden_official_photo_%28cropped%29.jpg/457px-Ron_Wyden_official_photo_%28cropped%29.jpg
38,Roy Blunt,senior,MO,Missouri,Male,Republican,2017-01-03 to 2023-01-03,0.39,0.35,0.26,0.8272293354471204,76.0,https://www.govtrack.us/congress/members/roy_blunt/400034,https://www.blunt.senate.gov,"https://en.wikipedia.org/wiki/File:Roy_Blunt,_Official_Portrait,_112th_Congress_(cropped).jpg",https://upload.wikimedia.org/wikipedia/commons/thumb/7/74/Roy_Blunt%2C_Official_Portrait%2C_112th_Congress_%28cropped%29.jpg/447px-Roy_Blunt%2C_Official_Portrait%2C_112th_Congress_%28cropped%29.jpg
39,John Boozman,senior,AR,Arkansas,Male,Republican,2017-01-03 to 2023-01-03,0.47,0.26,0.27,0.8401621855792358,82.0,https://www.govtrack.us/congress/members/john_boozman/400040,https://www.boozman.senate.gov/public,"https://en.wikipedia.org/wiki/File:John_Boozman,_official_portrait,_112th_Congress_(cropped).jpg",https://upload.wikimedia.org/wikipedia/commons/thumb/3/36/John_Boozman%2C_official_portrait%2C_112th_Congress_%28cropped%29.jpg/439px-John_Boozman%2C_official_portrait%2C_112th_Congress_%28cropped%29.jpg
40,Richard Burr,senior,NC,North Carolina,Male,Republican,2017-01-03 to 2023-01-03,0.4,0.3,0.3,0.6206320504052198,49.0,https://www.govtrack.us/congress/members/richard_burr/400054,https://www.burr.senate.gov,https://en.wikipedia.org/wiki/File:Richard_Burr_official_portrait_(cropped).jpg,https://upload.wikimedia.org/wikipedia/commons/thumb/b/b1/Richard_Burr_official_portrait_%28cropped%29.jpg/452px-Richard_Burr_official_portrait_%28cropped%29.jpg
41,Jerry Moran,junior,KS,Kansas,Male,Republican,2017-01-03 to 2023-01-03,0.38,0.32,0.3,0.7925876391817364,71.0,https://www.govtrack.us/congress/members/jerry_moran/400284,https://www.moran.senate.gov,"https://en.wikipedia.org/wiki/File:Jerry_Moran,_official_portrait,_112th_Congress_(cropped).jpg",https://upload.wikimedia.org/wikipedia/commons/thumb/d/d9/Jerry_Moran%2C_official_portrait%2C_112th_Congress_%28cropped%29.jpg/412px-Jerry_Moran%2C_official_portrait%2C_112th_Congress_%28cropped%29.jpg
42,Robert Portman,junior,OH,Ohio,Male,Republican,2017-01-03 to 2023-01-03,0.38,0.31,0.32,0.6371406470932067,50.0,https://www.govtrack.us/congress/members/robert_portman/400325,https://www.portman.senate.gov,https://en.wikipedia.org/wiki/File:Rob_Portman_official_portrait_(cropped).jpg,https://upload.wikimedia.org/wikipedia/commons/thumb/6/63/Rob_Portman_official_portrait_%28cropped%29.jpg/544px-Rob_Portman_official_portrait_%28cropped%29.jpg
43,Patrick Toomey,junior,PA,Pennsylvania,Male,Republican,2017-01-03 to 2023-01-03,0.37,0.34,0.29,0.7127245029490248,60.0,https://www.govtrack.us/congress/members/patrick_toomey/400408,https://www.toomey.senate.gov,https://en.wikipedia.org/wiki/File:Pat_Toomey_official_photo_(cropped).jpg,https://upload.wikimedia.org/wikipedia/commons/thumb/5/5d/Pat_Toomey_official_photo_%28cropped%29.jpg/424px-Pat_Toomey_official_photo_%28cropped%29.jpg
44,Chris Van Hollen,junior,MD,Maryland,Male,Democrat,2017-01-03 to 2023-01-03,0.44,0.21,0.34,0.15665908699197698,11.0,https://www.govtrack.us/congress/members/chris_van_hollen/400415,https://www.vanhollen.senate.gov,https://en.wikipedia.org/wiki/File:Chris_Van_Hollen_official_portrait_115th_Congress_(cropped).jpg,https://upload.wikimedia.org/wikipedia/commons/thumb/3/37/Chris_Van_Hollen_official_portrait_115th_Congress_%28cropped%29.jpg/451px-Chris_Van_Hollen_official_portrait_115th_Congress_%28cropped%29.jpg
45,John Thune,senior,SD,South Dakota,Male,Republican,2017-01-03 to 2023-01-03,0.59,0.27,0.14,0.7623453531391945,69.0,https://www.govtrack.us/congress/members/john_thune/400546,https://www.thune.senate.gov,"https://en.wikipedia.org/wiki/File:John_Thune,_official_portrait,_111th_Congress_(cropped).jpg",https://upload.wikimedia.org/wikipedia/commons/thumb/c/c5/John_Thune%2C_official_portrait%2C_111th_Congress_%28cropped%29.jpg/534px-John_Thune%2C_official_portrait%2C_111th_Congress_%28cropped%29.jpg
46,Michael Bennet,senior,CO,Colorado,Male,Democrat,2017-01-03 to 2023-01-03,0.39,0.29,0.31,0.31960931368501216,36.0,https://www.govtrack.us/congress/members/michael_bennet/412330,https://www.bennet.senate.gov/public,https://en.wikipedia.org/wiki/File:Michael_Bennet_Official_Photo_(cropped).jpg,https://upload.wikimedia.org/wikipedia/commons/thumb/4/4d/Michael_Bennet_Official_Photo_%28cropped%29.jpg/463px-Michael_Bennet_Official_Photo_%28cropped%29.jpg
47,Todd Young,senior,IN,Indiana,Male,Republican,2017-01-03 to 2023-01-03,0.39,0.26,0.35,0.7422806681898168,66.0,https://www.govtrack.us/congress/members/todd_young/412428,https://www.young.senate.gov,https://en.wikipedia.org/wiki/File:Senator_Todd_Young_official_portrait_(cropped).jpg,https://upload.wikimedia.org/wikipedia/commons/thumb/0/0d/Senator_Todd_Young_official_portrait_%28cropped%29.jpg/450px-Senator_Todd_Young_official_portrait_%28cropped%29.jpg
48,James Lankford,junior,OK,Oklahoma,Male,Republican,2017-01-03 to 2023-01-03,0.39,0.32,0.29,0.8775324073088356,89.0,https://www.govtrack.us/congress/members/james_lankford/412464,https://www.lankford.senate.gov,https://en.wikipedia.org/wiki/File:James_Lankford_official_portrait_115th_congress_(cropped).jpg,https://upload.wikimedia.org/wikipedia/commons/thumb/0/0b/James_Lankford_official_portrait_115th_congress_%28cropped%29.jpg/571px-James_Lankford_official_portrait_115th_congress_%28cropped%29.jpg
49,Tim Scott,junior,SC,South Carolina,Male,Republican,2017-01-03 to 2023-01-03,0.52,0.22,0.27,0.8235673172095974,74.0,https://www.govtrack.us/congress/members/tim_scott/412471,https://www.scott.senate.gov,"https://en.wikipedia.org/wiki/File:Tim_Scott,_official_portrait,_113th_Congress_(cropped_2).jpg",https://upload.wikimedia.org/wikipedia/commons/thumb/b/ba/Tim_Scott%2C_official_portrait%2C_113th_Congress_%28cropped_2%29.jpg/453px-Tim_Scott%2C_official_portrait%2C_113th_Congress_%28cropped_2%29.jpg
50,Richard Blumenthal,senior,CT,Connecticut,Male,Democrat,2017-01-03 to 2023-01-03,0.46,0.37,0.17,0.12224258074172445,8.0,https://www.govtrack.us/congress/members/richard_blumenthal/412490,https://www.blumenthal.senate.gov,https://en.wikipedia.org/wiki/File:Richard_Blumenthal_Official_Portrait_(cropped).jpg,https://upload.wikimedia.org/wikipedia/commons/thumb/3/36/Richard_Blumenthal_Official_Portrait_%28cropped%29.jpg/595px-Richard_Blumenthal_Official_Portrait_%28cropped%29.jpg
51,Marco Rubio,senior,FL,Florida,Male,Republican,2017-01-03 to 2023-01-03,0.41,0.38,0.21,0.8830817900318061,91.0,https://www.govtrack.us/congress/members/marco_rubio/412491,https://www.rubio.senate.gov,https://en.wikipedia.org/wiki/File:Senator_Rubio_official_portrait_(cropped).jpg,https://upload.wikimedia.org/wikipedia/commons/thumb/c/c4/Senator_Rubio_official_portrait_%28cropped%29.jpg/441px-Senator_Rubio_official_portrait_%28cropped%29.jpg
52,Rand Paul,junior,KY,Kentucky,Male,Republican,2017-01-03 to 2023-01-03,0.43,0.38,0.2,0.6455265008634656,53.0,https://www.govtrack.us/congress/members/rand_paul/412492,https://www.paul.senate.gov,"https://en.wikipedia.org/wiki/File:Rand_Paul,_official_portrait,_112th_Congress_alternate_(cropped).jpg",https://upload.wikimedia.org/wikipedia/commons/thumb/0/01/Rand_Paul%2C_official_portrait%2C_112th_Congress_alternate_%28cropped%29.jpg/532px-Rand_Paul%2C_official_portrait%2C_112th_Congress_alternate_%28cropped%29.jpg
53,John Hoeven,senior,ND,North Dakota,Male,Republican,2017-01-03 to 2023-01-03,0.54,0.25,0.22,0.8269140069856623,75.0,https://www.govtrack.us/congress/members/john_hoeven/412494,https://www.hoeven.senate.gov,https://en.wikipedia.org/wiki/File:Hoeven_Official_Portrait_2014_(cropped).JPG,https://upload.wikimedia.org/wikipedia/commons/thumb/7/75/Hoeven_Official_Portrait_2014_%28cropped%29.JPG/427px-Hoeven_Official_Portrait_2014_%28cropped%29.JPG
54,Mike Lee,senior,UT,Utah,Male,Republican,2017-01-03 to 2023-01-03,0.47,0.28,0.25,0.7031336042945496,57.0,https://www.govtrack.us/congress/members/mike_lee/412495,https://www.lee.senate.gov/public,"https://en.wikipedia.org/wiki/File:Mike_Lee,_official_portrait_(cropped).jpg",https://upload.wikimedia.org/wikipedia/commons/thumb/4/46/Mike_Lee%2C_official_portrait_%28cropped%29.jpg/477px-Mike_Lee%2C_official_portrait_%28cropped%29.jpg
55,Ron Johnson,senior,WI,Wisconsin,Male,Republican,2017-01-03 to 2023-01-03,0.38,0.36,0.27,0.7137976045767491,61.0,https://www.govtrack.us/congress/members/ron_johnson/412496,https://www.ronjohnson.senate.gov,"https://en.wikipedia.org/wiki/File:Ron_Johnson,_official_portrait,_112th_Congress_(cropped).jpg",https://upload.wikimedia.org/wikipedia/commons/thumb/3/33/Ron_Johnson%2C_official_portrait%2C_112th_Congress_%28cropped%29.jpg/464px-Ron_Johnson%2C_official_portrait%2C_112th_Congress_%28cropped%29.jpg
56,Brian Schatz,senior,HI,Hawaii,Male,Democrat,2017-01-03 to 2023-01-03,0.58,0.23,0.19,0.2235274329186771,22.0,https://www.govtrack.us/congress/members/brian_schatz/412507,https://www.schatz.senate.gov,"https://en.wikipedia.org/wiki/File:Brian_Schatz,_official_portrait,_113th_Congress_2_(cropped).jpg",https://upload.wikimedia.org/wikipedia/commons/thumb/4/4b/Brian_Schatz%2C_official_portrait%2C_113th_Congress_2_%28cropped%29.jpg/434px-Brian_Schatz%2C_official_portrait%2C_113th_Congress_2_%28cropped%29.jpg
57,Tammy Duckworth,junior,IL,Illinois,Female,Democrat,2017-01-03 to 2023-01-03,0.41,0.33,0.26,0.2636323634238522,27.0,https://www.govtrack.us/congress/members/tammy_duckworth/412533,https://www.duckworth.senate.gov,https://en.wikipedia.org/wiki/File:Tammy_Duckworth_115th_official_portrait_(cropped).jpg,https://upload.wikimedia.org/wikipedia/commons/thumb/c/cc/Tammy_Duckworth_115th_official_portrait_%28cropped%29.jpg/536px-Tammy_Duckworth_115th_official_portrait_%28cropped%29.jpg
58,Kamala Harris,junior,CA,California,Female,Democrat,2017-01-03 to 2023-01-03,0.43,0.29,0.29,0.0,1.0,https://www.govtrack.us/congress/members/kamala_harris/412678,https://www.harris.senate.gov,https://en.wikipedia.org/wiki/File:Kamala_Harris_official_photo_(cropped).jpg,https://upload.wikimedia.org/wikipedia/commons/thumb/4/40/Kamala_Harris_official_photo_%28cropped%29.jpg/565px-Kamala_Harris_official_photo_%28cropped%29.jpg
59,John Kennedy,junior,LA,Louisiana,Male,Republican,2017-01-03 to 2023-01-03,0.48,0.24,0.27,0.8395801624920809,81.0,https://www.govtrack.us/congress/members/john_kennedy/412679,https://www.kennedy.senate.gov/public,"https://en.wikipedia.org/wiki/File:John_Neely_Kennedy,_official_portrait,_115th_Congress.jpg",https://upload.wikimedia.org/wikipedia/commons/thumb/2/2f/John_Neely_Kennedy%2C_official_portrait%2C_115th_Congress.jpg/473px-John_Neely_Kennedy%2C_official_portrait%2C_115th_Congress.jpg
60,Margaret Hassan,junior,NH,New Hampshire,Female,Democrat,2017-01-03 to 2023-01-03,0.48,0.32,0.2,0.4234827330151215,40.0,https://www.govtrack.us/congress/members/margaret_hassan/412680,https://www.hassan.senate.gov,"https://en.wikipedia.org/wiki/File:Maggie_Hassan,_official_portrait,_115th_Congress_(cropped).jpg",https://upload.wikimedia.org/wikipedia/commons/thumb/a/ae/Maggie_Hassan%2C_official_portrait%2C_115th_Congress_%28cropped%29.jpg/435px-Maggie_Hassan%2C_official_portrait%2C_115th_Congress_%28cropped%29.jpg
61,Catherine Cortez Masto,senior,NV,Nevada,Female,Democrat,2017-01-03 to 2023-01-03,0.36,0.33,0.31,0.2758644909191392,29.0,https://www.govtrack.us/congress/members/catherine_cortez_masto/412681,https://www.cortezmasto.senate.gov,https://en.wikipedia.org/wiki/File:Catherine_Cortez_Masto_official_portrait_(cropped).jpg,https://upload.wikimedia.org/wikipedia/commons/thumb/e/e7/Catherine_Cortez_Masto_official_portrait_%28cropped%29.jpg/446px-Catherine_Cortez_Masto_official_portrait_%28cropped%29.jpg
62,Doug Jones,junior,AL,Alabama,Male,Democrat,2018-01-03 to 2021-01-03,0.4,0.35,0.25,0.6405356892058713,51.0,https://www.govtrack.us/congress/members/doug_jones/412741,https://www.jones.senate.gov,https://en.wikipedia.org/wiki/File:Senator_Doug_Jones_official_photo_(cropped_2).jpg,https://upload.wikimedia.org/wikipedia/commons/thumb/f/f0/Senator_Doug_Jones_official_photo_%28cropped_2%29.jpg/443px-Senator_Doug_Jones_official_photo_%28cropped_2%29.jpg
63,Tina Smith,junior,MN,Minnesota,Female,Democrat,2018-11-07 to 2021-01-03,0.43,0.26,0.31,0.17920303180850444,16.0,https://www.govtrack.us/congress/members/tina_smith/412742,https://www.smith.senate.gov,"https://en.wikipedia.org/wiki/File:Tina_Smith,_official_portrait,_116th_congress_(cropped).jpg",https://upload.wikimedia.org/wikipedia/commons/thumb/f/f8/Tina_Smith%2C_official_portrait%2C_116th_congress_%28cropped%29.jpg/480px-Tina_Smith%2C_official_portrait%2C_116th_congress_%28cropped%29.jpg
64,Cindy Hyde-Smith,junior,MS,Mississippi,Female,Republican,2018-11-28 to 2021-01-03,0.42,0.34,0.24,0.8718572640912621,88.0,https://www.govtrack.us/congress/members/cindy_hyde_smith/412743,https://www.hydesmith.senate.gov,https://en.wikipedia.org/wiki/File:Cindy_Hyde-Smith_official_photo_(cropped).jpg,https://upload.wikimedia.org/wikipedia/commons/a/a2/Cindy_Hyde-Smith_official_photo_%28cropped%29.jpg
65,Maria Cantwell,junior,WA,Washington,Female,Democrat,2019-01-03 to 2025-01-03,0.47,0.3,0.23,0.3111189079955345,34.0,https://www.govtrack.us/congress/members/maria_cantwell/300018,https://www.cantwell.senate.gov,https://en.wikipedia.org/wiki/File:Maria_Cantwell_(cropped).jpg,https://upload.wikimedia.org/wikipedia/commons/thumb/8/8f/Maria_Cantwell_%28cropped%29.jpg/482px-Maria_Cantwell_%28cropped%29.jpg
66,Thomas Carper,senior,DE,Delaware,Male,Democrat,2019-01-03 to 2025-01-03,0.49,0.28,0.22,0.3391463265901287,37.0,https://www.govtrack.us/congress/members/thomas_carper/300019,https://www.carper.senate.gov/public,"https://en.wikipedia.org/wiki/File:Tom_Carper,_official_portrait,_112th_Congress_(cropped).jpg",https://upload.wikimedia.org/wikipedia/commons/thumb/8/8e/Tom_Carper%2C_official_portrait%2C_112th_Congress_%28cropped%29.jpg/532px-Tom_Carper%2C_official_portrait%2C_112th_Congress_%28cropped%29.jpg
67,Dianne Feinstein,senior,CA,California,Female,Democrat,2019-01-03 to 2025-01-03,0.43,0.37,0.2,0.2118363697535679,19.0,https://www.govtrack.us/congress/members/dianne_feinstein/300043,https://www.feinstein.senate.gov,"https://en.wikipedia.org/wiki/File:Dianne_Feinstein,_official_Senate_photo_2_(cropped).jpg",https://upload.wikimedia.org/wikipedia/commons/thumb/1/10/Dianne_Feinstein%2C_official_Senate_photo_2_%28cropped%29.jpg/451px-Dianne_Feinstein%2C_official_Senate_photo_2_%28cropped%29.jpg
68,Debbie Stabenow,senior,MI,Michigan,Female,Democrat,2019-01-03 to 2025-01-03,0.46,0.35,0.2,0.2217038610589482,21.0,https://www.govtrack.us/congress/members/debbie_stabenow/300093,https://www.stabenow.senate.gov,"https://en.wikipedia.org/wiki/File:Debbie_Stabenow,_official_photo,_116th_Congress_(cropped).jpg",https://upload.wikimedia.org/wikipedia/commons/thumb/6/61/Debbie_Stabenow%2C_official_photo%2C_116th_Congress_%28cropped%29.jpg/552px-Debbie_Stabenow%2C_official_photo%2C_116th_Congress_%28cropped%29.jpg
69,Tammy Baldwin,junior,WI,Wisconsin,Female,Democrat,2019-01-03 to 2025-01-03,0.49,0.35,0.16,0.22828459994877726,23.0,https://www.govtrack.us/congress/members/tammy_baldwin/400013,https://www.baldwin.senate.gov,"https://en.wikipedia.org/wiki/File:Tammy_Baldwin,_official_portrait,_113th_Congress_(cropped).jpg",https://upload.wikimedia.org/wikipedia/commons/thumb/7/7d/Tammy_Baldwin%2C_official_portrait%2C_113th_Congress_%28cropped%29.jpg/446px-Tammy_Baldwin%2C_official_portrait%2C_113th_Congress_%28cropped%29.jpg
70,Marsha Blackburn,junior,TN,Tennessee,Female,Republican,2019-01-03 to 2025-01-03,0.47,0.31,0.22,1.0,100.0,https://www.govtrack.us/congress/members/marsha_blackburn/400032,https://www.blackburn.senate.gov,"https://en.wikipedia.org/wiki/File:Marsha_Blackburn,_official_photo,_116th_Congress_(cropped).jpg",https://upload.wikimedia.org/wikipedia/commons/thumb/0/05/Marsha_Blackburn%2C_official_photo%2C_116th_Congress_%28cropped%29.jpg/451px-Marsha_Blackburn%2C_official_photo%2C_116th_Congress_%28cropped%29.jpg
71,Sherrod Brown,senior,OH,Ohio,Male,Democrat,2019-01-03 to 2025-01-03,0.46,0.29,0.26,0.16209351737438324,13.0,https://www.govtrack.us/congress/members/sherrod_brown/400050,https://www.brown.senate.gov,https://en.wikipedia.org/wiki/File:Sherrod_Brown_official_photo_2009_2_(cropped).jpg,https://upload.wikimedia.org/wikipedia/commons/thumb/f/f6/Sherrod_Brown_official_photo_2009_2_%28cropped%29.jpg/607px-Sherrod_Brown_official_photo_2009_2_%28cropped%29.jpg
72,Benjamin Cardin,senior,MD,Maryland,Male,Democrat,2019-01-03 to 2025-01-03,0.5,0.22,0.28,0.2753443617890672,28.0,https://www.govtrack.us/congress/members/benjamin_cardin/400064,https://www.cardin.senate.gov,https://en.wikipedia.org/wiki/File:Ben_Cardin_official_Senate_portrait_(cropped).jpg,https://upload.wikimedia.org/wikipedia/commons/thumb/e/e5/Ben_Cardin_official_Senate_portrait_%28cropped%29.jpg/437px-Ben_Cardin_official_Senate_portrait_%28cropped%29.jpg
73,Robert Menendez,senior,NJ,New Jersey,Male,Democrat,2019-01-03 to 2025-01-03,0.33,0.45,0.22,0.2782256470662399,30.0,https://www.govtrack.us/congress/members/robert_menendez/400272,https://www.menendez.senate.gov,https://en.wikipedia.org/wiki/File:Robert_Menendez_official_Senate_portrait_(cropped).jpg,https://upload.wikimedia.org/wikipedia/commons/thumb/b/bb/Robert_Menendez_official_Senate_portrait_%28cropped%29.jpg/446px-Robert_Menendez_official_Senate_portrait_%28cropped%29.jpg
74,Bernard Sanders,junior,VT,Vermont,Male,Independent,2019-01-03 to 2025-01-03,0.64,0.28,0.07,0.016944776679627443,2.0,https://www.govtrack.us/congress/members/bernard_sanders/400357,https://www.sanders.senate.gov,https://en.wikipedia.org/wiki/File:Bernie_Sanders_(cropped).jpg,https://upload.wikimedia.org/wikipedia/commons/7/73/Bernie_Sanders_%28cropped%29.jpg
75,Roger Wicker,senior,MS,Mississippi,Male,Republican,2019-01-03 to 2025-01-03,0.5,0.25,0.25,0.8444922719332694,84.0,https://www.govtrack.us/congress/members/roger_wicker/400432,https://www.wicker.senate.gov,https://en.wikipedia.org/wiki/File:Roger_F._Wicker_crop.jpg,https://upload.wikimedia.org/wikipedia/commons/thumb/f/f9/Roger_F._Wicker_crop.jpg/598px-Roger_F._Wicker_crop.jpg
76,Christopher Murphy,junior,CT,Connecticut,Male,Democrat,2019-01-03 to 2025-01-03,0.48,0.34,0.19,0.2012552611337146,17.0,https://www.govtrack.us/congress/members/christopher_murphy/412194,https://www.murphy.senate.gov,"https://en.wikipedia.org/wiki/File:Chris_Murphy,_official_portrait,_113th_Congress_(cropped).jpg",https://upload.wikimedia.org/wikipedia/commons/thumb/4/47/Chris_Murphy%2C_official_portrait%2C_113th_Congress_%28cropped%29.jpg/587px-Chris_Murphy%2C_official_portrait%2C_113th_Congress_%28cropped%29.jpg
77,Mazie Hirono,junior,HI,Hawaii,Female,Democrat,2019-01-03 to 2025-01-03,0.57,0.29,0.14,0.09061130946293314,6.0,https://www.govtrack.us/congress/members/mazie_hirono/412200,https://www.hirono.senate.gov,"https://en.wikipedia.org/wiki/File:Mazie_Hirono,_official_portrait,_113th_Congress_(cropped).jpg",https://upload.wikimedia.org/wikipedia/commons/thumb/8/85/Mazie_Hirono%2C_official_portrait%2C_113th_Congress_%28cropped%29.jpg/558px-Mazie_Hirono%2C_official_portrait%2C_113th_Congress_%28cropped%29.jpg
78,Kirsten Gillibrand,junior,NY,New York,Female,Democrat,2019-01-03 to 2025-01-03,0.47,0.28,0.26,0.026050491583832488,3.0,https://www.govtrack.us/congress/members/kirsten_gillibrand/412223,https://www.gillibrand.senate.gov,"https://en.wikipedia.org/wiki/File:Kirsten_Gillibrand,_official_photo,_116th_Congress_(cropped).jpg",https://upload.wikimedia.org/wikipedia/commons/thumb/1/14/Kirsten_Gillibrand%2C_official_photo%2C_116th_Congress_%28cropped%29.jpg/428px-Kirsten_Gillibrand%2C_official_photo%2C_116th_Congress_%28cropped%29.jpg
79,Amy Klobuchar,senior,MN,Minnesota,Female,Democrat,2019-01-03 to 2025-01-03,0.58,0.27,0.15,0.13804393642502644,9.0,https://www.govtrack.us/congress/members/amy_klobuchar/412242,https://www.klobuchar.senate.gov,"https://en.wikipedia.org/wiki/File:Amy_Klobuchar,_official_portrait,_113th_Congress_(cropped).jpg",https://upload.wikimedia.org/wikipedia/commons/thumb/3/3b/Amy_Klobuchar%2C_official_portrait%2C_113th_Congress_%28cropped%29.jpg/413px-Amy_Klobuchar%2C_official_portrait%2C_113th_Congress_%28cropped%29.jpg
80,Jon Tester,senior,MT,Montana,Male,Democrat,2019-01-03 to 2025-01-03,0.51,0.41,0.09,0.4757431357079587,44.0,https://www.govtrack.us/congress/members/jon_tester/412244,https://www.tester.senate.gov,https://en.wikipedia.org/wiki/File:JonTester_(cropped).jpg,https://upload.wikimedia.org/wikipedia/commons/thumb/b/b9/JonTester_%28cropped%29.jpg/435px-JonTester_%28cropped%29.jpg
81,Robert Casey,senior,PA,Pennsylvania,Male,Democrat,2019-01-03 to 2025-01-03,0.46,0.29,0.26,0.29239995978007416,33.0,https://www.govtrack.us/congress/members/robert_casey/412246,https://www.casey.senate.gov,,
82,Sheldon Whitehouse,junior,RI,Rhode Island,Male,Democrat,2019-01-03 to 2025-01-03,0.51,0.33,0.16,0.17244870680854446,14.0,https://www.govtrack.us/congress/members/sheldon_whitehouse/412247,https://www.whitehouse.senate.gov,"https://en.wikipedia.org/wiki/File:Sheldon_Whitehouse,_official_portrait,_116th_congress.jpg",https://upload.wikimedia.org/wikipedia/commons/thumb/a/a7/Sheldon_Whitehouse%2C_official_portrait%2C_116th_congress.jpg/614px-Sheldon_Whitehouse%2C_official_portrait%2C_116th_congress.jpg
83,John Barrasso,junior,WY,Wyoming,Male,Republican,2019-01-03 to 2025-01-03,0.62,0.26,0.12,0.8424017461846754,83.0,https://www.govtrack.us/congress/members/john_barrasso/412251,https://www.barrasso.senate.gov,https://en.wikipedia.org/wiki/File:John_Barrasso_official_portrait_112th_Congress_(cropped).jpg,https://upload.wikimedia.org/wikipedia/commons/thumb/4/42/John_Barrasso_official_portrait_112th_Congress_%28cropped%29.jpg/614px-John_Barrasso_official_portrait_112th_Congress_%28cropped%29.jpg
84,Martin Heinrich,junior,NM,New Mexico,Male,Democrat,2019-01-03 to 2025-01-03,0.42,0.32,0.26,0.24354805537825036,24.0,https://www.govtrack.us/congress/members/martin_heinrich/412281,https://www.heinrich.senate.gov,https://en.wikipedia.org/wiki/File:Heinrich_Official_Headshot_2019_(cropped).jpg,https://upload.wikimedia.org/wikipedia/commons/thumb/6/6f/Heinrich_Official_Headshot_2019_%28cropped%29.jpg/474px-Heinrich_Official_Headshot_2019_%28cropped%29.jpg
85,Joe Manchin,senior,WV,West Virginia,Male,Democrat,2019-01-03 to 2025-01-03,0.43,0.44,0.13,0.5903922722284984,48.0,https://www.govtrack.us/congress/members/joe_manchin/412391,https://www.manchin.senate.gov,https://en.wikipedia.org/wiki/File:Senator_Manchin_(cropped).jpg,https://upload.wikimedia.org/wikipedia/commons/c/cc/Senator_Manchin_%28cropped%29.jpg
86,Kyrsten Sinema,senior,AZ,Arizona,Female,Democrat,2019-01-03 to 2025-01-03,0.44,0.3,0.26,0.6907820275231388,54.0,https://www.govtrack.us/congress/members/kyrsten_sinema/412509,https://www.sinema.senate.gov,https://en.wikipedia.org/wiki/File:Kyrsten_Sinema_by_Gage_Skidmore_(cropped).jpg,https://upload.wikimedia.org/wikipedia/commons/thumb/9/92/Kyrsten_Sinema_by_Gage_Skidmore_%28cropped%29.jpg/450px-Kyrsten_Sinema_by_Gage_Skidmore_%28cropped%29.jpg
87,Elizabeth Warren,senior,MA,Massachusetts,Female,Democrat,2019-01-03 to 2025-01-03,0.51,0.36,0.13,0.256294098104753,26.0,https://www.govtrack.us/congress/members/elizabeth_warren/412542,https://www.warren.senate.gov,"https://en.wikipedia.org/wiki/File:Elizabeth_Warren,_official_portrait,_114th_Congress_(cropped).jpg",https://upload.wikimedia.org/wikipedia/commons/thumb/8/82/Elizabeth_Warren%2C_official_portrait%2C_114th_Congress_%28cropped%29.jpg/409px-Elizabeth_Warren%2C_official_portrait%2C_114th_Congress_%28cropped%29.jpg
88,Angus King,junior,ME,Maine,Male,Independent,2019-01-03 to 2025-01-03,0.57,0.31,0.12,0.4469528145122353,43.0,https://www.govtrack.us/congress/members/angus_king/412545,https://www.king.senate.gov,"https://en.wikipedia.org/wiki/File:Angus_King,_official_portrait,_113th_Congress_(cropped).jpg",https://upload.wikimedia.org/wikipedia/commons/thumb/e/e9/Angus_King%2C_official_portrait%2C_113th_Congress_%28cropped%29.jpg/614px-Angus_King%2C_official_portrait%2C_113th_Congress_%28cropped%29.jpg
89,Kevin Cramer,junior,ND,North Dakota,Male,Republican,2019-01-03 to 2025-01-03,0.47,0.35,0.18,0.9084679910916236,95.0,https://www.govtrack.us/congress/members/kevin_cramer/412555,https://www.cramer.senate.gov,"https://en.wikipedia.org/wiki/File:Kevin_Cramer,_official_portrait,_116th_congress_(cropped).jpg",https://upload.wikimedia.org/wikipedia/commons/thumb/f/ff/Kevin_Cramer%2C_official_portrait%2C_116th_congress_%28cropped%29.jpg/432px-Kevin_Cramer%2C_official_portrait%2C_116th_congress_%28cropped%29.jpg
90,Deb Fischer,senior,NE,Nebraska,Female,Republican,2019-01-03 to 2025-01-03,0.45,0.36,0.2,0.8219993414105102,73.0,https://www.govtrack.us/congress/members/deb_fischer/412556,https://www.fischer.senate.gov,"https://en.wikipedia.org/wiki/File:Deb_Fischer,_official_portrait,_115th_Congress_(cropped).jpg",https://upload.wikimedia.org/wikipedia/commons/0/0b/Deb_Fischer%2C_official_portrait%2C_115th_Congress_%28cropped%29.jpg
91,Ted Cruz,junior,TX,Texas,Male,Republican,2019-01-03 to 2025-01-03,0.49,0.35,0.16,0.9137407238727628,97.0,https://www.govtrack.us/congress/members/ted_cruz/412573,https://www.cruz.senate.gov,https://en.wikipedia.org/wiki/File:Ted_Cruz_official_116th_portrait_(cropped).jpg,https://upload.wikimedia.org/wikipedia/commons/thumb/9/94/Ted_Cruz_official_116th_portrait_%28cropped%29.jpg/576px-Ted_Cruz_official_116th_portrait_%28cropped%29.jpg
92,Timothy Kaine,junior,VA,Virginia,Male,Democrat,2019-01-03 to 2025-01-03,0.47,0.32,0.21,0.2551739730766844,25.0,https://www.govtrack.us/congress/members/timothy_kaine/412582,https://www.kaine.senate.gov,https://en.wikipedia.org/wiki/File:Tim_Kaine_116th_official_portrait_(cropped).jpg,https://upload.wikimedia.org/wikipedia/commons/thumb/7/76/Tim_Kaine_116th_official_portrait_%28cropped%29.jpg/490px-Tim_Kaine_116th_official_portrait_%28cropped%29.jpg
93,Martha McSally,junior,AZ,Arizona,Female,Republican,2019-01-03 to 2021-01-03,0.37,0.4,0.24,0.7507158170147635,67.0,https://www.govtrack.us/congress/members/martha_mcsally/412611,https://www.mcsally.senate.gov,https://en.wikipedia.org/wiki/File:Sen._Martha_McSally_official_Senate_headshot_116th_congress_(cropped).jpg,https://upload.wikimedia.org/wikipedia/commons/thumb/0/04/Sen._Martha_McSally_official_Senate_headshot_116th_congress_%28cropped%29.jpg/480px-Sen._Martha_McSally_official_Senate_headshot_116th_congress_%28cropped%29.jpg
94,Jacky Rosen,junior,NV,Nevada,Female,Democrat,2019-01-03 to 2025-01-03,0.38,0.33,0.29,0.3179479726620432,35.0,https://www.govtrack.us/congress/members/jacky_rosen/412715,https://www.rosen.senate.gov,"https://en.wikipedia.org/wiki/File:Jacky_Rosen,_official_portrait,_116th_congress_(cropped-1).jpg",https://upload.wikimedia.org/wikipedia/commons/thumb/2/28/Jacky_Rosen%2C_official_portrait%2C_116th_congress_%28cropped-1%29.jpg/450px-Jacky_Rosen%2C_official_portrait%2C_116th_congress_%28cropped-1%29.jpg
95,Rick Scott,junior,FL,Florida,Male,Republican,2019-01-08 to 2025-01-03,0.47,0.36,0.18,0.8305249856927353,78.0,https://www.govtrack.us/congress/members/rick_scott/412838,https://www.rickscott.senate.gov,https://en.wikipedia.org/wiki/File:Official_Portrait_of_Senator_Rick_Scott_(cropped).jpg,https://upload.wikimedia.org/wikipedia/commons/d/d7/Official_Portrait_of_Senator_Rick_Scott_%28cropped%29.jpg
96,Mike Braun,junior,IN,Indiana,Male,Republican,2019-01-03 to 2025-01-03,0.44,0.26,0.3,0.9146603150533096,98.0,https://www.govtrack.us/congress/members/mike_braun/412839,https://www.braun.senate.gov,"https://en.wikipedia.org/wiki/File:Mike_Braun,_Official_Portrait,_116th_Congress_(cropped).jpg",https://upload.wikimedia.org/wikipedia/commons/thumb/7/70/Mike_Braun%2C_Official_Portrait%2C_116th_Congress_%28cropped%29.jpg/481px-Mike_Braun%2C_Official_Portrait%2C_116th_Congress_%28cropped%29.jpg
97,Joshua Hawley,junior,MO,Missouri,Male,Republican,2019-01-03 to 2025-01-03,0.43,0.3,0.27,0.804193037813696,72.0,https://www.govtrack.us/congress/members/joshua_hawley/412840,https://www.hawley.senate.gov,https://en.wikipedia.org/wiki/File:Josh_Hawley_(cropped).jpg,https://upload.wikimedia.org/wikipedia/commons/thumb/b/ba/Josh_Hawley_%28cropped%29.jpg/446px-Josh_Hawley_%28cropped%29.jpg
98,Mitt Romney,junior,UT,Utah,Male,Republican,2019-01-03 to 2025-01-03,0.48,0.38,0.14,0.7173785772365683,62.0,https://www.govtrack.us/congress/members/mitt_romney/412841,https://www.romney.senate.gov,https://en.wikipedia.org/wiki/File:Mitt_Romney_official_US_Senate_portrait_(cropped).jpg,https://upload.wikimedia.org/wikipedia/commons/thumb/f/f8/Mitt_Romney_official_US_Senate_portrait_%28cropped%29.jpg/448px-Mitt_Romney_official_US_Senate_portrait_%28cropped%29.jpg
99,Kelly Loeffler,junior,GA,Georgia,Female,Republican,2020-01-06 to 2020-11-03,0.43,0.27,0.31,,,https://www.govtrack.us/congress/members/kelly_loeffler/456790,https://www.loeffler.senate.gov,https://en.wikipedia.org/wiki/File:Kelly_Loeffler_(cropped).jpg,https://upload.wikimedia.org/wikipedia/commons/thumb/f/fa/Kelly_Loeffler_%28cropped%29.jpg/611px-Kelly_Loeffler_%28cropped%29.jpg
